"tech","supply_chain","n_countries","rho","n_moved_gt3","max_move","step","from","to"
"Batteries","Midstream",74,0.999940762680489,0,1,"Task 1 keywords","v0","v1"
"Batteries","Upstream",59,1,0,0,"Task 1 keywords","v0","v1"
"Coal","Midstream",72,0.999967843591228,0,1,"Task 1 keywords","v0","v1"
"Coal","Upstream",69,0.998428936792108,1,7,"Task 1 keywords","v0","v1"
"Cross-cutting","Cross-cutting",0,NA,NA,NA,"Task 1 keywords","v0","v1"
"Electric Grid","Midstream",76,0.999945317840055,0,1,"Task 1 keywords","v0","v1"
"Electric Grid","Upstream",73,0.99956805454854,0,3,"Task 1 keywords","v0","v1"
"Electric Vehicles","Midstream",76,0.999917976760082,0,1,"Task 1 keywords","v0","v1"
"Electric Vehicles","Upstream",59,1,0,0,"Task 1 keywords","v0","v1"
"Gas","Midstream",74,0.999763050721955,0,2,"Task 1 keywords","v0","v1"
"Gas","Upstream",71,0.999496981891348,0,3,"Task 1 keywords","v0","v1"
"Nuclear","Midstream",72,1,0,0,"Task 1 keywords","v0","v1"
"Nuclear","Upstream",59,1,0,0,"Task 1 keywords","v0","v1"
"Oil","Midstream",74,0.998992965568308,1,4,"Task 1 keywords","v0","v1"
"Oil","Upstream",72,0.998938838510515,2,4,"Task 1 keywords","v0","v1"
"Semiconductors","Midstream",73,0.998117980994693,2,6,"Task 1 keywords","v0","v1"
"Semiconductors","Upstream",59,1,0,0,"Task 1 keywords","v0","v1"
"Solar","Midstream",76,0.999371155160629,1,6,"Task 1 keywords","v0","v1"
"Solar","Upstream",59,1,0,0,"Task 1 keywords","v0","v1"
"Wind","Midstream",75,0.999630156472262,1,4,"Task 1 keywords","v0","v1"
"Wind","Upstream",59,1,0,0,"Task 1 keywords","v0","v1"
"Batteries","Midstream",74,0.998311736393928,2,6,"Task 2 confidence","v1","v2"
"Batteries","Upstream",59,1,0,0,"Task 2 confidence","v1","v2"
"Coal","Midstream",72,0.996398482217506,2,11,"Task 2 confidence","v1","v2"
"Coal","Upstream",69,0.944830105955426,23,21,"Task 2 confidence","v1","v2"
"Cross-cutting","Cross-cutting",0,NA,NA,NA,"Task 2 confidence","v1","v2"
"Electric Grid","Midstream",76,0.995707450444293,4,11,"Task 2 confidence","v1","v2"
"Electric Grid","Upstream",73,0.997500887030838,3,9,"Task 2 confidence","v1","v2"
"Electric Vehicles","Midstream",76,0.995051264524949,6,9,"Task 2 confidence","v1","v2"
"Electric Vehicles","Upstream",59,1,0,0,"Task 2 confidence","v1","v2"
"Gas","Midstream",74,0.998785634950018,0,3,"Task 2 confidence","v1","v2"
"Gas","Upstream",71,0.995774647887324,6,6,"Task 2 confidence","v1","v2"
"Nuclear","Midstream",72,0.991028361952537,4,18,"Task 2 confidence","v1","v2"
"Nuclear","Upstream",59,1,0,0,"Task 2 confidence","v1","v2"
"Oil","Midstream",74,0.992239911144021,5,16,"Task 2 confidence","v1","v2"
"Oil","Upstream",72,0.993311466975368,7,10,"Task 2 confidence","v1","v2"
"Semiconductors","Midstream",73,0.997223250647908,3,9,"Task 2 confidence","v1","v2"
"Semiconductors","Upstream",59,1,0,0,"Task 2 confidence","v1","v2"
"Solar","Midstream",76,0.997238550922761,3,8,"Task 2 confidence","v1","v2"
"Solar","Upstream",59,1,0,0,"Task 2 confidence","v1","v2"
"Wind","Midstream",75,0.997866287339972,4,5,"Task 2 confidence","v1","v2"
"Wind","Upstream",59,1,0,0,"Task 2 confidence","v1","v2"
"Batteries","Midstream",74,0.991677156608663,7,14,"Task 3 geo + constant","v2","v3"
"Batteries","Upstream",59,0.976961896647505,3,20,"Task 3 geo + constant","v2","v3"
"Coal","Midstream",72,0.99546594636311,5,8,"Task 3 geo + constant","v2","v3"
"Coal","Upstream",69,0.985531603945926,13,15,"Task 3 geo + constant","v2","v3"
"Cross-cutting","Cross-cutting",0,NA,NA,NA,"Task 3 geo + constant","v2","v3"
"Electric Grid","Midstream",76,0.986958304853042,10,19,"Task 3 geo + constant","v2","v3"
"Electric Grid","Upstream",73,0.996729555867516,4,6,"Task 3 geo + constant","v2","v3"
"Electric Vehicles","Midstream",76,0.9780997949419,22,21,"Task 3 geo + constant","v2","v3"
"Electric Vehicles","Upstream",59,0.976961896647505,3,20,"Task 3 geo + constant","v2","v3"
"Gas","Midstream",74,0.99517215845983,4,12,"Task 3 geo + constant","v2","v3"
"Gas","Upstream",71,0.97112676056338,23,18,"Task 3 geo + constant","v2","v3"
"Nuclear","Midstream",72,0.990706797864815,6,18,"Task 3 geo + constant","v2","v3"
"Nuclear","Upstream",59,0.976961896647505,3,20,"Task 3 geo + constant","v2","v3"
"Oil","Midstream",74,0.993217326915957,8,13,"Task 3 geo + constant","v2","v3"
"Oil","Upstream",72,0.924046562479902,37,24,"Task 3 geo + constant","v2","v3"
"Semiconductors","Midstream",73,0.977138097001111,15,22,"Task 3 geo + constant","v2","v3"
"Semiconductors","Upstream",59,0.976961896647505,3,20,"Task 3 geo + constant","v2","v3"
"Solar","Midstream",76,0.988653451811346,7,18,"Task 3 geo + constant","v2","v3"
"Solar","Upstream",59,0.976961896647505,3,20,"Task 3 geo + constant","v2","v3"
"Wind","Midstream",75,0.981450924608819,13,20,"Task 3 geo + constant","v2","v3"
"Wind","Upstream",59,0.976961896647505,3,20,"Task 3 geo + constant","v2","v3"
"Batteries","Midstream",74,0.995527582376897,1,16,"Task 5 scale exposure","v3","v5"
"Batteries","Upstream",59,0.99787890767102,1,4,"Task 5 scale exposure","v3","v5"
"Coal","Midstream",72,0.997459643706991,5,6,"Task 5 scale exposure","v3","v5"
"Coal","Upstream",69,0.999013518450859,1,5,"Task 5 scale exposure","v3","v5"
"Cross-cutting","Cross-cutting",0,NA,NA,NA,"Task 5 scale exposure","v3","v5"
"Electric Grid","Midstream",76,0.998961038961039,1,6,"Task 5 scale exposure","v3","v5"
"Electric Grid","Upstream",73,0.996112490936859,6,6,"Task 5 scale exposure","v3","v5"
"Electric Vehicles","Midstream",76,0.997101845522898,7,5,"Task 5 scale exposure","v3","v5"
"Electric Vehicles","Upstream",59,0.99787890767102,1,4,"Task 5 scale exposure","v3","v5"
"Gas","Midstream",74,0.998933728248797,1,4,"Task 5 scale exposure","v3","v5"
"Gas","Upstream",71,0.997853789403085,3,5,"Task 5 scale exposure","v3","v5"
"Nuclear","Midstream",72,0.99929255900701,1,4,"Task 5 scale exposure","v3","v5"
"Nuclear","Upstream",59,0.99787890767102,1,4,"Task 5 scale exposure","v3","v5"
"Oil","Midstream",74,0.999170677526842,0,3,"Task 5 scale exposure","v3","v5"
"Oil","Upstream",72,0.98340729307351,6,28,"Task 5 scale exposure","v3","v5"
"Semiconductors","Midstream",73,0.99768604220659,4,5,"Task 5 scale exposure","v3","v5"
"Semiconductors","Upstream",59,0.99787890767102,1,4,"Task 5 scale exposure","v3","v5"
"Solar","Midstream",76,0.995953520164046,1,15,"Task 5 scale exposure","v3","v5"
"Solar","Upstream",59,0.99787890767102,1,4,"Task 5 scale exposure","v3","v5"
"Wind","Midstream",75,0.998719772403983,1,4,"Task 5 scale exposure","v3","v5"
"Wind","Upstream",59,0.99787890767102,1,4,"Task 5 scale exposure","v3","v5"
"Batteries","Midstream",74,0.998815253609774,2,6,"Task 6 m_scope firm_first","v5","v6"
"Batteries","Upstream",59,0.994967817437098,1,7,"Task 6 m_scope firm_first","v5","v6"
"Coal","Midstream",72,0.989709949192874,3,20,"Task 6 m_scope firm_first","v5","v6"
"Coal","Upstream",69,0.999817318231641,0,1,"Task 6 m_scope firm_first","v5","v6"
"Cross-cutting","Cross-cutting",0,NA,NA,NA,"Task 6 m_scope firm_first","v5","v6"
"Electric Grid","Midstream",76,0.999671907040328,0,2,"Task 6 m_scope firm_first","v5","v6"
"Electric Grid","Upstream",73,0.997500887030838,3,6,"Task 6 m_scope firm_first","v5","v6"
"Electric Vehicles","Midstream",76,0.99701982228298,2,9,"Task 6 m_scope firm_first","v5","v6"
"Electric Vehicles","Upstream",59,0.994967817437098,1,7,"Task 6 m_scope firm_first","v5","v6"
"Gas","Midstream",74,0.999052202887819,2,4,"Task 6 m_scope firm_first","v5","v6"
"Gas","Upstream",71,0.998859825620389,0,3,"Task 6 m_scope firm_first","v5","v6"
"Nuclear","Midstream",72,0.999614123094733,0,3,"Task 6 m_scope firm_first","v5","v6"
"Nuclear","Upstream",59,0.994967817437098,1,7,"Task 6 m_scope firm_first","v5","v6"
"Oil","Midstream",74,0.997660125879304,3,9,"Task 6 m_scope firm_first","v5","v6"
"Oil","Upstream",72,0.996977297575407,2,10,"Task 6 m_scope firm_first","v5","v6"
"Semiconductors","Midstream",73,0.996513636924596,1,13,"Task 6 m_scope firm_first","v5","v6"
"Semiconductors","Upstream",59,0.994967817437098,1,7,"Task 6 m_scope firm_first","v5","v6"
"Solar","Midstream",76,0.999125085440875,1,5,"Task 6 m_scope firm_first","v5","v6"
"Solar","Upstream",59,0.994967817437098,1,7,"Task 6 m_scope firm_first","v5","v6"
"Wind","Midstream",75,0.998947368421052,1,6,"Task 6 m_scope firm_first","v5","v6"
"Wind","Upstream",59,0.994967817437098,1,7,"Task 6 m_scope firm_first","v5","v6"
"Batteries","Midstream",74,0.999614957423176,0,2,"Task 9 crosscutting report_only","v6","v9"
"Batteries","Upstream",0,NA,NA,NA,"Task 9 crosscutting report_only","v6","v9"
"Coal","Midstream",69,0.997369382535623,3,6,"Task 9 crosscutting report_only","v6","v9"
"Coal","Upstream",63,0.993423579109063,4,10,"Task 9 crosscutting report_only","v6","v9"
"Cross-cutting","Cross-cutting",0,NA,NA,NA,"Task 9 crosscutting report_only","v6","v9"
"Electric Grid","Midstream",75,0.999573257467994,0,3,"Task 9 crosscutting report_only","v6","v9"
"Electric Grid","Upstream",67,0.998643147896879,2,4,"Task 9 crosscutting report_only","v6","v9"
"Electric Vehicles","Midstream",76,0.999726589200273,0,2,"Task 9 crosscutting report_only","v6","v9"
"Electric Vehicles","Upstream",0,NA,NA,NA,"Task 9 crosscutting report_only","v6","v9"
"Gas","Midstream",74,0.999081821547575,1,6,"Task 9 crosscutting report_only","v6","v9"
"Gas","Upstream",68,0.997175249074321,2,6,"Task 9 crosscutting report_only","v6","v9"
"Nuclear","Midstream",69,0.998575082206796,1,6,"Task 9 crosscutting report_only","v6","v9"
"Nuclear","Upstream",0,NA,NA,NA,"Task 9 crosscutting report_only","v6","v9"
"Oil","Midstream",74,0.999674194742688,0,2,"Task 9 crosscutting report_only","v6","v9"
"Oil","Upstream",72,0.996205543764872,5,8,"Task 9 crosscutting report_only","v6","v9"
"Semiconductors","Midstream",71,0.99906103286385,2,4,"Task 9 crosscutting report_only","v6","v9"
"Semiconductors","Upstream",0,NA,NA,NA,"Task 9 crosscutting report_only","v6","v9"
"Solar","Midstream",76,0.999425837320574,0,2,"Task 9 crosscutting report_only","v6","v9"
"Solar","Upstream",0,NA,NA,NA,"Task 9 crosscutting report_only","v6","v9"
"Wind","Midstream",75,0.999487908961593,1,4,"Task 9 crosscutting report_only","v6","v9"
"Wind","Upstream",0,NA,NA,NA,"Task 9 crosscutting report_only","v6","v9"
"Batteries","Midstream",74,0.971151425398001,26,26,"CUMULATIVE legacy -> new default","v0","v9"
"Batteries","Upstream",0,NA,NA,NA,"CUMULATIVE legacy -> new default","v0","v9"
"Coal","Midstream",69,0.968286445012788,20,22,"CUMULATIVE legacy -> new default","v0","v9"
"Coal","Upstream",63,0.895257296466974,23,31,"CUMULATIVE legacy -> new default","v0","v9"
"Cross-cutting","Cross-cutting",0,NA,NA,NA,"CUMULATIVE legacy -> new default","v0","v9"
"Electric Grid","Midstream",75,0.969189189189189,26,22,"CUMULATIVE legacy -> new default","v0","v9"
"Electric Grid","Upstream",67,0.980964163141512,20,14,"CUMULATIVE legacy -> new default","v0","v9"
"Electric Vehicles","Midstream",76,0.95177033492823,29,22,"CUMULATIVE legacy -> new default","v0","v9"
"Electric Vehicles","Upstream",0,NA,NA,NA,"CUMULATIVE legacy -> new default","v0","v9"
"Gas","Midstream",74,0.992062199185487,8,13,"CUMULATIVE legacy -> new default","v0","v9"
"Gas","Upstream",68,0.949383517196625,29,23,"CUMULATIVE legacy -> new default","v0","v9"
"Nuclear","Midstream",69,0.974570697844355,19,20,"CUMULATIVE legacy -> new default","v0","v9"
"Nuclear","Upstream",0,NA,NA,NA,"CUMULATIVE legacy -> new default","v0","v9"
"Oil","Midstream",74,0.981281007034432,17,16,"CUMULATIVE legacy -> new default","v0","v9"
"Oil","Upstream",72,0.856485947649367,41,43,"CUMULATIVE legacy -> new default","v0","v9"
"Semiconductors","Midstream",71,0.963648558014755,23,23,"CUMULATIVE legacy -> new default","v0","v9"
"Semiconductors","Upstream",0,NA,NA,NA,"CUMULATIVE legacy -> new default","v0","v9"
"Solar","Midstream",76,0.968612440191388,29,25,"CUMULATIVE legacy -> new default","v0","v9"
"Solar","Upstream",0,NA,NA,NA,"CUMULATIVE legacy -> new default","v0","v9"
"Wind","Midstream",75,0.969615931721195,27,21,"CUMULATIVE legacy -> new default","v0","v9"
"Wind","Upstream",0,NA,NA,NA,"CUMULATIVE legacy -> new default","v0","v9"
