"group","term","hits","hit_rate","flagged","dict"
"Wind","\bwind\b",5463,0.0988402598107507,TRUE,"tech"
"Midstream","\bmanufactur\w*",2414,0.043675706971106,FALSE,"supply_chain"
"Downstream","\bconstruction\b",851,0.0153968627309077,FALSE,"supply_chain"
"Oil","\boil\b",679,0.0122849233775398,FALSE,"tech"
"Gas","\bgas\b",569,0.010294729605037,FALSE,"tech"
"Solar","\bsolar\b",550,0.0099509688625138,FALSE,"tech"
"Midstream","\bplant\b",532,0.00962530079064971,FALSE,"supply_chain"
"Batteries","\bbattery\b",497,0.00899205731758065,FALSE,"tech"
"Oil","\bpipeline\b",465,0.00841309185648894,FALSE,"tech"
"Oil","\bpetroleum\b",424,0.00767129235946518,FALSE,"tech"
"Semiconductors","\bsemiconductor\b",414,0.00749036565287402,FALSE,"tech"
"Upstream","\bmining\b",375,0.0067847514971685,FALSE,"supply_chain"
"Solar","\bsilicon\b",351,0.00635052740134971,FALSE,"tech"
"Midstream","\bcomponent\b",304,0.00550017188037126,FALSE,"supply_chain"
"Semiconductors","\bchips\b",276,0.00499357710191601,FALSE,"tech"
"Green Hydrogen","\bhydrogen\b",269,0.0048669284073022,FALSE,"tech"
"Electric Vehicles","\belectric vehicles\b",255,0.00461363101807458,FALSE,"tech"
"Semiconductors","\bai\b",242,0.00437842629950607,FALSE,"tech"
"Midstream","\bcells?\b",235,0.00425177760489226,FALSE,"supply_chain"
"Electric Grid","\bcopper\b",214,0.00387183152105082,FALSE,"tech"
"Solar","\bphotovoltaic\b",202,0.00365471947314143,FALSE,"tech"
"Semiconductors","\baccelerator\b",193,0.00349188543720939,FALSE,"tech"
"Coal","\bcoal\b",191,0.00345570009589115,FALSE,"tech"
"Batteries","\bbatteries\b",186,0.00336523674259557,FALSE,"tech"
"Oil","\bcrude\b",186,0.00336523674259557,FALSE,"tech"
"Gas","\bnatural gas\b",153,0.00276817861084475,FALSE,"tech"
"Downstream","\bdeploy\w*",144,0.0026053445749127,FALSE,"supply_chain"
"Upstream","\brefin\w*",135,0.00244251053898066,FALSE,"supply_chain"
"Electric Grid","\bdistribution\b",121,0.00218921314975304,FALSE,"tech"
"Semiconductors","\bwafers\b",118,0.00213493513777569,FALSE,"tech"
"Electric Grid","\bgrid\b",112,0.00202637911382099,FALSE,"tech"
"Downstream","\brebate\b",105,0.00189973041920718,FALSE,"supply_chain"
"Upstream","\braw material\b",103,0.00186354507788895,FALSE,"supply_chain"
"Electric Vehicles","\bev\b",95,0.00171880371261602,FALSE,"tech"
"Wind","\boffshore wind\b",93,0.00168261837129779,FALSE,"tech"
"Semiconductors","\bartificial intelligence\b",89,0.00161024768866132,FALSE,"tech"
"Solar","\bpv\b",84,0.00151978433536574,FALSE,"tech"
"Nuclear","\bnuclear\b",80,0.00144741365272928,FALSE,"tech"
"Wind","\brare earth\b",79,0.00142932098207016,FALSE,"tech"
"Magnets","\brare earth\b",79,0.00142932098207016,FALSE,"tech"
"Upstream","\brare earth\b",79,0.00142932098207016,FALSE,"supply_chain"
"Semiconductors","\bsemiconductors\b",74,0.00133885762877458,FALSE,"tech"
"Gas","\blng\b",71,0.00128457961679724,FALSE,"tech"
"Electric Vehicles","\belectric vehicle\b",68,0.00123030160481989,FALSE,"tech"
"Midstream","\bfactory\b",68,0.00123030160481989,FALSE,"supply_chain"
"Electric Grid","\btransmission\b",67,0.00121220893416077,FALSE,"tech"
"Downstream","\bmaintenance\b",64,0.00115793092218342,FALSE,"supply_chain"
"Midstream","\bassembly\b",61,0.00110365291020608,FALSE,"supply_chain"
"Batteries","\blithium-ion\b",53,0.000958911544933148,FALSE,"tech"
"Semiconductors","\bchip\b",52,0.000940818874274032,FALSE,"tech"
"Downstream","\binstall\w*",52,0.000940818874274032,FALSE,"supply_chain"
"Downstream","\bcloud\b",50,0.0009046335329558,FALSE,"supply_chain"
"Oil","\brefining\b",48,0.000868448191637568,FALSE,"tech"
"Upstream","\bore\b",47,0.000850355520978452,FALSE,"supply_chain"
"Wind","\bturbine\b",45,0.00081417017966022,FALSE,"tech"
"Batteries","\benergy storage\b",44,0.000796077509001104,FALSE,"tech"
"Solar","\bpanel\b",41,0.000741799497023756,FALSE,"tech"
"Upstream","\bexploration\b",41,0.000741799497023756,FALSE,"supply_chain"
"Electric Vehicles","\bbattery electric\b",35,0.00063324347306906,FALSE,"tech"
"Midstream","\bfabricat\w*",34,0.000615150802409944,FALSE,"supply_chain"
"Batteries","\bgigafactory\b",33,0.000597058131750828,FALSE,"tech"
"Midstream","\bgigafactory\b",33,0.000597058131750828,FALSE,"supply_chain"
"Geothermal","\bgeothermal\b",31,0.000560872790432596,FALSE,"tech"
"Wind","\bonshore wind\b",29,0.000524687449114364,FALSE,"tech"
"Downstream","\bdownstream\b",29,0.000524687449114364,FALSE,"supply_chain"
"Upstream","\bmine\b",28,0.000506594778455248,FALSE,"supply_chain"
"Semiconductors","\bfabrication\b",27,0.000488502107796132,FALSE,"tech"
"Upstream","\bsmelt\w*",27,0.000488502107796132,FALSE,"supply_chain"
"Magnets","\brare-earth\b",25,0.0004523167664779,FALSE,"tech"
"Oil","\brefinery\b",24,0.000434224095818784,FALSE,"tech"
"Semiconductors","\bdata center\b",23,0.000416131425159668,FALSE,"tech"
"Downstream","\bdata center\b",23,0.000416131425159668,FALSE,"supply_chain"
"Electric Vehicles","\bcharging\b",22,0.000398038754500552,FALSE,"tech"
"Batteries","\bcathode\b",22,0.000398038754500552,FALSE,"tech"
"Green Hydrogen","\bgreen hydrogen\b",22,0.000398038754500552,FALSE,"tech"
"Midstream","\bcathode\b",22,0.000398038754500552,FALSE,"supply_chain"
"Midstream","\bconversion\b",22,0.000398038754500552,FALSE,"supply_chain"
"Downstream","\bconsumer\b",20,0.00036185341318232,FALSE,"supply_chain"
"Nuclear","\bsmr\b",19,0.000343760742523204,FALSE,"tech"
"Nuclear","\buranium\b",18,0.000325668071864088,FALSE,"tech"
"Solar","\bwafer\b",17,0.000307575401204972,FALSE,"tech"
"Semiconductors","\bwafer\b",17,0.000307575401204972,FALSE,"tech"
"Midstream","\bwafer\b",17,0.000307575401204972,FALSE,"supply_chain"
"Magnets","\bmagnets\b",16,0.000289482730545856,FALSE,"tech"
"Green Hydrogen","\bammonia\b",15,0.00027139005988674,FALSE,"tech"
"Electric Grid","\binterconnector\b",15,0.00027139005988674,FALSE,"tech"
"Magnets","\bmagnet\b",15,0.00027139005988674,FALSE,"tech"
"Midstream","\bfabs?\b",15,0.00027139005988674,FALSE,"supply_chain"
"Downstream","\bretail\b",14,0.000253297389227624,FALSE,"supply_chain"
"Batteries","\banode\b",13,0.000235204718568508,FALSE,"tech"
"Electric Grid","\binterconnection\b",13,0.000235204718568508,FALSE,"tech"
"Upstream","\bextraction\b",13,0.000235204718568508,FALSE,"supply_chain"
"Midstream","\banode\b",13,0.000235204718568508,FALSE,"supply_chain"
"Downstream","\binterconnection\b",13,0.000235204718568508,FALSE,"supply_chain"
"Electric Vehicles","\bevs\b",12,0.000217112047909392,FALSE,"tech"
"Batteries","\bcell manufacturing\b",12,0.000217112047909392,FALSE,"tech"
"Solar","\bpolysilicon\b",12,0.000217112047909392,FALSE,"tech"
"Upstream","\bcritical mineral\b",12,0.000217112047909392,FALSE,"supply_chain"
"Green Hydrogen","\belectrolyser\b",10,0.00018092670659116,FALSE,"tech"
"Green Hydrogen","\belectrolysis\b",10,0.00018092670659116,FALSE,"tech"
"Electric Grid","\bhvdc\b",10,0.00018092670659116,FALSE,"tech"
"Semiconductors","\bfab\b",10,0.00018092670659116,FALSE,"tech"
"Upstream","\bmetallurg\w*",10,0.00018092670659116,FALSE,"supply_chain"
"Coal","\bcoking coal\b",9,0.000162834035932044,FALSE,"tech"
"Gas","\bliquefaction\b",9,0.000162834035932044,FALSE,"tech"
"Semiconductors","\bfoundry\b",9,0.000162834035932044,FALSE,"tech"
"Midstream","\bfoundry\b",9,0.000162834035932044,FALSE,"supply_chain"
"Upstream","\bupstream\b",8,0.000144741365272928,FALSE,"supply_chain"
"Midstream","\bmodule\b",8,0.000144741365272928,FALSE,"supply_chain"
"Midstream","\bmidstream\b",8,0.000144741365272928,FALSE,"supply_chain"
"Nuclear","\benrichment\b",7,0.000126648694613812,FALSE,"tech"
"Coal","\blignite\b",7,0.000126648694613812,FALSE,"tech"
"Upstream","\bdrilling\b",7,0.000126648694613812,FALSE,"supply_chain"
"Midstream","\benrichment\b",7,0.000126648694613812,FALSE,"supply_chain"
"Downstream","\bcommission(?:ing|ed)\b",7,0.000126648694613812,FALSE,"supply_chain"
"Electric Vehicles","\bphev\b",6,0.000108556023954696,FALSE,"tech"
"Green Hydrogen","\bh2\b",6,0.000108556023954696,FALSE,"tech"
"Nuclear","\breactor\b",6,0.000108556023954696,FALSE,"tech"
"Semiconductors","\bservers\b",6,0.000108556023954696,FALSE,"tech"
"Midstream","\bproduction line\b",6,0.000108556023954696,FALSE,"supply_chain"
"Midstream","\belectrolyser manufacturing\b",6,0.000108556023954696,FALSE,"supply_chain"
"Electric Vehicles","\bplug-in\b",5,9.046335329558e-05,FALSE,"tech"
"Electric Grid","\btransformer\b",5,9.046335329558e-05,FALSE,"tech"
"Semiconductors","\bfabs\b",5,9.046335329558e-05,FALSE,"tech"
"Semiconductors","\bserver\b",5,9.046335329558e-05,FALSE,"tech"
"Downstream","\bserver\b",5,9.046335329558e-05,FALSE,"supply_chain"
"Coal","\bcoal-fired\b",4,7.2370682636464e-05,FALSE,"tech"
"Upstream","\bextractive\b",4,7.2370682636464e-05,FALSE,"supply_chain"
"Batteries","\bbms\b",3,5.4278011977348e-05,FALSE,"tech"
"Wind","\bblade\b",3,5.4278011977348e-05,FALSE,"tech"
"Electric Grid","\bsubstation\b",3,5.4278011977348e-05,FALSE,"tech"
"Magnets","\bneodymium\b",3,5.4278011977348e-05,FALSE,"tech"
"Downstream","\bservicing\b",3,5.4278011977348e-05,FALSE,"supply_chain"
"Electric Vehicles","\bcharger\b",2,3.6185341318232e-05,FALSE,"tech"
"Electric Vehicles","\bbev\b",2,3.6185341318232e-05,FALSE,"tech"
"Green Hydrogen","\belectrolyzer\b",2,3.6185341318232e-05,FALSE,"tech"
"Green Hydrogen","\bptx\b",2,3.6185341318232e-05,FALSE,"tech"
"Electric Grid","\bswitchgear\b",2,3.6185341318232e-05,FALSE,"tech"
"Semiconductors","\batmp\b",2,3.6185341318232e-05,FALSE,"tech"
"Semiconductors","\bfront-end\b",2,3.6185341318232e-05,FALSE,"tech"
"Semiconductors","\bgpu\b",2,3.6185341318232e-05,FALSE,"tech"
"Semiconductors","\bhpc\b",2,3.6185341318232e-05,FALSE,"tech"
"Midstream","\batmp\b",2,3.6185341318232e-05,FALSE,"supply_chain"
"Downstream","\bcharger\b",2,3.6185341318232e-05,FALSE,"supply_chain"
"Downstream","\bgpu\b",2,3.6185341318232e-05,FALSE,"supply_chain"
"Batteries","\bli-ion\b",1,1.8092670659116e-05,FALSE,"tech"
"Geothermal","\begs\b",1,1.8092670659116e-05,FALSE,"tech"
"Geothermal","\benhanced geothermal\b",1,1.8092670659116e-05,FALSE,"tech"
"Gas","\bregasification\b",1,1.8092670659116e-05,FALSE,"tech"
"Semiconductors","\bdatacenter\b",1,1.8092670659116e-05,FALSE,"tech"
"Magnets","\bndfeb\b",1,1.8092670659116e-05,FALSE,"tech"
"Upstream","\bconcentrate\b",1,1.8092670659116e-05,FALSE,"supply_chain"
"Midstream","\bndfeb\b",1,1.8092670659116e-05,FALSE,"supply_chain"
"Downstream","\bend[- ]?use\b",1,1.8092670659116e-05,FALSE,"supply_chain"
"Downstream","\bdatacenter\b",1,1.8092670659116e-05,FALSE,"supply_chain"
"Green Hydrogen","\bpower-to-x\b",0,0,FALSE,"tech"
"Wind","\bnacelle\b",0,0,FALSE,"tech"
"Solar","\binverter\b",0,0,FALSE,"tech"
"Geothermal","\bheat flow\b",0,0,FALSE,"tech"
"Geothermal","\bgeofluid\b",0,0,FALSE,"tech"
"Electric Grid","\bsmart grid\b",0,0,FALSE,"tech"
"Nuclear","\bspent fuel\b",0,0,FALSE,"tech"
"Nuclear","\bfission\b",0,0,FALSE,"tech"
"Coal","\bthermal coal\b",0,0,FALSE,"tech"
"Gas","\bpipeline gas\b",0,0,FALSE,"tech"
"Semiconductors","\bgpus\b",0,0,FALSE,"tech"
"Semiconductors","\bmodel training\b",0,0,FALSE,"tech"
"Semiconductors","\binference\b",0,0,FALSE,"tech"
"Magnets","\bndpr\b",0,0,FALSE,"tech"
"Magnets","\bpraseodymium\b",0,0,FALSE,"tech"
"Magnets","\bdysprosium\b",0,0,FALSE,"tech"
"Magnets","\bterbium\b",0,0,FALSE,"tech"
"Magnets","\bmagnet ore\b",0,0,FALSE,"tech"
"Magnets","\brare earth mine\b",0,0,FALSE,"tech"
"Magnets","\brare earth mining\b",0,0,FALSE,"tech"
"Magnets","\bpermanent magnet\b",0,0,FALSE,"tech"
"Magnets","\bsintered magnet\b",0,0,FALSE,"tech"
"Magnets","\bmagnet manufacturing\b",0,0,FALSE,"tech"
"Magnets","\bmagnet production\b",0,0,FALSE,"tech"
"Magnets","\bbonded magnet\b",0,0,FALSE,"tech"
"Upstream","\bbeneficiation\b",0,0,FALSE,"supply_chain"
"Upstream","\bprospecting\b",0,0,FALSE,"supply_chain"
"Midstream","\belectrolyzer manufacturing\b",0,0,FALSE,"supply_chain"
"Midstream","\bchip packaging\b",0,0,FALSE,"supply_chain"
"Midstream","\bmagnet manufacturing\b",0,0,FALSE,"supply_chain"
"Downstream","\bo\&m\b",0,0,FALSE,"supply_chain"
"Downstream","\bcharging station\b",0,0,FALSE,"supply_chain"
"Downstream","\bgrid connection\b",0,0,FALSE,"supply_chain"
"Downstream","\bhook[- ]?up\b",0,0,FALSE,"supply_chain"
"Downstream","\binference\b",0,0,FALSE,"supply_chain"
"Downstream","\bmodel training\b",0,0,FALSE,"supply_chain"
