Technology,Value Chain,Sub.Sector,HS6
Batteries,Midstream,Cell manufacturing,850760
Batteries,Midstream,Module assembly,850780
Batteries,Midstream,Pack + BMS,850790
Batteries,Upstream,Battery Inputs: Aluminum,281820
Batteries,Upstream,Battery Inputs: Aluminum,283322
Batteries,Upstream,Battery Inputs: Aluminum,760711
Batteries,Upstream,Battery Inputs: Aluminum,760719
Batteries,Upstream,Battery Inputs: Cobalt,260500
Batteries,Upstream,Battery Inputs: Cobalt,282200
Batteries,Upstream,Battery Inputs: Cobalt,283329
Batteries,Upstream,Battery Inputs: Cobalt,810520
Batteries,Upstream,Battery Inputs: Cobalt,810530
Batteries,Upstream,Battery Inputs: Copper,741021
Batteries,Upstream,Battery Inputs: Esters,292090
Batteries,Upstream,Battery Inputs: Fluoropolymers,390469
Batteries,Upstream,Battery Inputs: Graphite,250410
Batteries,Upstream,Battery Inputs: Graphite,280300
Batteries,Upstream,Battery Inputs: Graphite,380110
Batteries,Upstream,Battery Inputs: Graphite,380190
Batteries,Upstream,Battery Inputs: Inorganic Mixtures,382499
Batteries,Upstream,Battery Inputs: Iron-Chloride,282739
Batteries,Upstream,Battery Inputs: Lithium,253090
Batteries,Upstream,Battery Inputs: Lithium,280519
Batteries,Upstream,Battery Inputs: Lithium,282520
Batteries,Upstream,Battery Inputs: Lithium,283691
Batteries,Upstream,Battery Inputs: Manganese,260200
Batteries,Upstream,Battery Inputs: Manganese,282010
Batteries,Upstream,Battery Inputs: Nickel,260400
Batteries,Upstream,Battery Inputs: Nickel,282540
Batteries,Upstream,Battery Inputs: Nickel,283324
Batteries,Upstream,Battery Inputs: Nickel,750120
Batteries,Upstream,Battery Inputs: Nickel,750210
Batteries,Upstream,Battery Inputs: Nickel,750400
Batteries,Upstream,Battery Inputs: Polyethylene,390110
Batteries,Upstream,Battery Inputs: Polyethylene,390120
Batteries,Upstream,Battery Inputs: Polypropylene,390210
Batteries,Upstream,Battery Inputs: Silicon,280461
Batteries,Upstream,Battery Inputs: Vanadium,261590
Batteries,Upstream,Battery Inputs: Vanadium,262040
Batteries,Upstream,Battery Inputs: Vanadium,262099
Batteries,Upstream,Battery Inputs: Vanadium,282530
Batteries,Upstream,Battery Inputs: Zinc,260800
Batteries,Upstream,Battery Inputs: Zinc,262019
Batteries,Upstream,Battery Inputs: Zinc,281700
Coal,Midstream,Ash handling,840290
Coal,Midstream,Ash handling,840410
Coal,Midstream,Ash handling,840420
Coal,Midstream,Ash handling,840490
Coal,Midstream,Ash handling,840510
Coal,Midstream,Ash handling,840590
Coal,Midstream,Ash handling,840681
Coal,Midstream,Ash handling,840682
Coal,Midstream,Ash handling,840690
Coal,Midstream,Ash handling,841111
Coal,Midstream,Ash handling,841112
Coal,Midstream,Ash handling,841181
Coal,Midstream,Ash handling,841182
Coal,Midstream,Ash handling,841191
Coal,Midstream,Ash handling,841199
Coal,Midstream,Boilers & burners,840211
Coal,Midstream,Boilers & burners,840212
Coal,Midstream,Boilers & burners,840219
Coal,Midstream,Boilers & burners,840220
Coal,Midstream,Boilers & burners,840310
Coal,Midstream,Boilers & burners,840390
Coal,Midstream,Coal,270111
Coal,Midstream,Coal,270112
Coal,Midstream,Coal,270119
Coal,Midstream,Coal,270120
Coal,Midstream,Coke and Semicoke,270400
Coal,Midstream,Lignite,270210
Coal,Midstream,Lignite,270220
Coal,Upstream,Fuels & storage,270111
Coal,Upstream,Fuels & storage,270112
Coal,Upstream,Fuels & storage,270119
Coal,Upstream,Fuels & storage,270120
Coal,Upstream,Fuels & storage,270210
Coal,Upstream,Fuels & storage,270220
Coal,Upstream,Fuels & storage,270400
Electric Grid,Midstream,Arresters,853540
Electric Grid,Midstream,Cables & accessories,281290
Electric Grid,Midstream,Cables & accessories,440311
Electric Grid,Midstream,Cables & accessories,440312
Electric Grid,Midstream,Cables & accessories,440321
Electric Grid,Midstream,Cables & accessories,440323
Electric Grid,Midstream,Cables & accessories,440324
Electric Grid,Midstream,Cables & accessories,440325
Electric Grid,Midstream,Cables & accessories,681510
Electric Grid,Midstream,Cables & accessories,731210
Electric Grid,Midstream,Cables & accessories,740811
Electric Grid,Midstream,Cables & accessories,740819
Electric Grid,Midstream,Cables & accessories,741300
Electric Grid,Midstream,Cables & accessories,761410
Electric Grid,Midstream,Cables & accessories,761490
Electric Grid,Midstream,Cables & accessories,853210
Electric Grid,Midstream,Cables & accessories,854460
Electric Grid,Midstream,Cables & accessories,854610
Electric Grid,Midstream,Cables & accessories,854620
Electric Grid,Midstream,Cables & accessories,902830
Electric Grid,Midstream,Cables & accessories,902890
Electric Grid,Midstream,"Capacitors, Fuses",853510
Electric Grid,Midstream,Circuit Breakers,853521
Electric Grid,Midstream,Circuit Breakers,853529
Electric Grid,Midstream,Connector,853590
Electric Grid,Midstream,Controls,853720
,,,271600
,,,271012
,,,271019
Electric Grid,Midstream,Switchgear,853530
Electric Grid,Midstream,Transformer Parts,850490
Electric Grid,Midstream,Transformers,850421
Electric Grid,Midstream,Transformers,850422
Electric Grid,Midstream,Transformers,850423
Electric Grid,Midstream,Transformers,850432
Electric Grid,Midstream,Transformers,850433
Electric Grid,Midstream,Transformers,850434
Electric Vehicles,Midstream,Final vehicle assembly,380110
Electric Vehicles,Midstream,Final vehicle assembly,380190
Electric Vehicles,Midstream,Final vehicle assembly,392010
Electric Vehicles,Midstream,Final vehicle assembly,392020
Electric Vehicles,Midstream,Final vehicle assembly,750110
Electric Vehicles,Midstream,Final vehicle assembly,750120
Electric Vehicles,Midstream,Final vehicle assembly,810520
Electric Vehicles,Midstream,Final vehicle assembly,850760
Electric Vehicles,Midstream,Final vehicle assembly,850790
Electric Vehicles,Midstream,Final vehicle assembly,870124
Electric Vehicles,Midstream,Final vehicle assembly,870240
Electric Vehicles,Midstream,Final vehicle assembly,870340
Electric Vehicles,Midstream,Final vehicle assembly,870350
Electric Vehicles,Midstream,Final vehicle assembly,870360
Electric Vehicles,Midstream,Final vehicle assembly,870370
Electric Vehicles,Midstream,Final vehicle assembly,870380
Electric Vehicles,Midstream,Final vehicle assembly,870460
Electric Vehicles,Midstream,Final vehicle assembly,870490
Electric Vehicles,Midstream,Final vehicle assembly,871160
Electric Vehicles,Upstream,Battery materials (cathode/anode),260200
Electric Vehicles,Upstream,Battery materials (cathode/anode),260300
Electric Vehicles,Upstream,Battery materials (cathode/anode),260400
Electric Vehicles,Upstream,Battery materials (cathode/anode),260500
Electric Vehicles,Upstream,Battery materials (cathode/anode),260600
Electric Vehicles,Upstream,Battery materials (cathode/anode),280519
Electric Vehicles,Upstream,Battery materials (cathode/anode),282010
Electric Vehicles,Upstream,Battery materials (cathode/anode),282090
Electric Vehicles,Upstream,Battery materials (cathode/anode),282200
Electric Vehicles,Upstream,Battery materials (cathode/anode),282520
Electric Vehicles,Upstream,Battery materials (cathode/anode),282540
Electric Vehicles,Upstream,Battery materials (cathode/anode),282690
Electric Vehicles,Upstream,Battery materials (cathode/anode),283324
Electric Vehicles,Upstream,Battery materials (cathode/anode),283329
Electric Vehicles,Upstream,Battery materials (cathode/anode),283529
Electric Vehicles,Upstream,Battery materials (cathode/anode),283691
Electric Vehicles,Upstream,Battery materials (cathode/anode),283699
Electric Vehicles,Upstream,Battery materials (cathode/anode),284290
Electric Vehicles,Upstream,Battery materials (cathode/anode),285390
Gas,Midstream,Butadiene,271114
Gas,Midstream,Butane,271113
Gas,Midstream,Butane,271129
Gas,Midstream,Ethane,271119
Gas,Midstream,LNG/LPG equipment,731100
Gas,Midstream,LNG/LPG equipment,820713
Gas,Midstream,LNG/LPG equipment,820719
Gas,Midstream,LNG/LPG equipment,840211
Gas,Midstream,LNG/LPG equipment,840212
Gas,Midstream,LNG/LPG equipment,840219
Gas,Midstream,LNG/LPG equipment,840220
Gas,Midstream,LNG/LPG equipment,840290
Gas,Midstream,LNG/LPG equipment,840310
Gas,Midstream,LNG/LPG equipment,840390
Gas,Midstream,LNG/LPG equipment,840410
Gas,Midstream,LNG/LPG equipment,840420
Gas,Midstream,LNG/LPG equipment,840490
Gas,Midstream,LNG/LPG equipment,840510
Gas,Midstream,LNG/LPG equipment,840590
Gas,Midstream,LNG/LPG equipment,840681
Gas,Midstream,LNG/LPG equipment,840682
Gas,Midstream,LNG/LPG equipment,840690
Gas,Midstream,LNG/LPG equipment,841111
Gas,Midstream,LNG/LPG equipment,841112
Gas,Midstream,LNG/LPG equipment,841181
Gas,Midstream,LNG/LPG equipment,841182
Gas,Midstream,LNG/LPG equipment,841191
Gas,Midstream,LNG/LPG equipment,841199
Gas,Midstream,LNG/LPG equipment,841350
Gas,Midstream,LNG/LPG equipment,841360
Gas,Midstream,LNG/LPG equipment,841382
Gas,Midstream,LNG/LPG equipment,841392
Gas,Midstream,LNG/LPG equipment,841960
Gas,Midstream,LNG/LPG equipment,842129
Gas,Midstream,LNG/LPG equipment,842890
Gas,Midstream,LNG/LPG equipment,843041
Gas,Midstream,LNG/LPG equipment,843049
Gas,Midstream,LNG/LPG equipment,843139
Gas,Midstream,LNG/LPG equipment,843143
Gas,Midstream,LNG/LPG equipment,843149
Gas,Midstream,LNG/LPG equipment,847410
Gas,Midstream,LNG/LPG equipment,847420
Gas,Midstream,LNG/LPG equipment,847490
Gas,Midstream,LNG/LPG equipment,847982
Gas,Midstream,LNG/LPG equipment,847989
Gas,Midstream,LNG/LPG equipment,870520
Gas,Midstream,LNG/LPG equipment,890120
Gas,Midstream,LNG/LPG equipment,890520
Gas,Midstream,LNG/LPG equipment,890590
Gas,Midstream,LNG/LPG equipment,902810
Gas,Midstream,Natural Gas,271111
Gas,Midstream,Natural Gas,271121
Gas,Midstream,Pipelines,730411
Gas,Midstream,Pipelines,730419
Gas,Midstream,Pipelines,730422
Gas,Midstream,Pipelines,730423
Gas,Midstream,Pipelines,730424
Gas,Midstream,Pipelines,730429
Gas,Midstream,Pipelines,730511
Gas,Midstream,Pipelines,730512
Gas,Midstream,Pipelines,730519
Gas,Midstream,Pipelines,730520
Gas,Midstream,Pipelines,730611
Gas,Midstream,Pipelines,730619
Gas,Midstream,Pipelines,730621
Gas,Midstream,Pipelines,730629
Gas,Midstream,Propane,271112
Gas,Upstream,Fuels & storage,271111
Gas,Upstream,Fuels & storage,271112
Gas,Upstream,Fuels & storage,271113
Gas,Upstream,Fuels & storage,271119
Gas,Upstream,Fuels & storage,271121
Gas,Upstream,Fuels & storage,271129
Nuclear,Midstream,Nuclear Fuel,284410
Nuclear,Midstream,Nuclear Fuel,284420
Nuclear,Midstream,Nuclear Fuel,284450
Nuclear,Midstream,Reactor components,840110
Nuclear,Midstream,Reactor components,840120
Nuclear,Midstream,Reactor components,840130
Nuclear,Midstream,Reactor components,840140
Nuclear,Midstream,Steam cycle/BOP,840211
Nuclear,Midstream,Steam cycle/BOP,840212
Nuclear,Midstream,Steam cycle/BOP,840219
Nuclear,Midstream,Steam cycle/BOP,840220
Nuclear,Midstream,Steam cycle/BOP,840290
Nuclear,Midstream,Steam cycle/BOP,840310
Nuclear,Midstream,Steam cycle/BOP,840390
Nuclear,Midstream,Steam cycle/BOP,840410
Nuclear,Midstream,Steam cycle/BOP,840420
Nuclear,Midstream,Steam cycle/BOP,840490
Nuclear,Midstream,Steam cycle/BOP,840510
Nuclear,Midstream,Steam cycle/BOP,840590
Nuclear,Midstream,Steam cycle/BOP,840681
Nuclear,Midstream,Steam cycle/BOP,840682
Nuclear,Midstream,Steam cycle/BOP,840690
Nuclear,Midstream,Steam cycle/BOP,841111
Nuclear,Midstream,Steam cycle/BOP,841112
Nuclear,Midstream,Steam cycle/BOP,841181
Nuclear,Midstream,Steam cycle/BOP,841182
Nuclear,Midstream,Steam cycle/BOP,841191
Nuclear,Midstream,Steam cycle/BOP,841199
Nuclear,Upstream,Uranium mining & conversion,284410
Nuclear,Upstream,Uranium mining & conversion,284420
Nuclear,Upstream,Uranium mining & conversion,284450
Oil,Midstream,Crude Oils,270900
Oil,Midstream,Fuel Oils: Heavy Oils,271019
Oil,Midstream,Fuel Oils: Light Oils,271012
Oil,Midstream,Fuels & storage,731100
Oil,Midstream,Fuels & storage,820713
Oil,Midstream,Fuels & storage,820719
Oil,Midstream,Fuels & storage,841960
Oil,Midstream,Fuels & storage,842129
Oil,Midstream,Fuels & storage,842890
Oil,Midstream,Fuels & storage,843041
Oil,Midstream,Fuels & storage,843049
Oil,Midstream,Fuels & storage,843139
Oil,Midstream,Fuels & storage,843143
Oil,Midstream,Fuels & storage,843149
Oil,Midstream,Fuels & storage,847410
Oil,Midstream,Fuels & storage,847420
Oil,Midstream,Fuels & storage,847490
Oil,Midstream,Fuels & storage,847982
Oil,Midstream,Fuels & storage,847989
Oil,Midstream,Fuels & storage,850131
Oil,Midstream,Fuels & storage,850132
Oil,Midstream,Fuels & storage,850133
Oil,Midstream,Fuels & storage,850134
Oil,Midstream,Fuels & storage,850161
Oil,Midstream,Fuels & storage,850162
Oil,Midstream,Fuels & storage,850163
Oil,Midstream,Fuels & storage,850164
Oil,Midstream,Fuels & storage,850211
Oil,Midstream,Fuels & storage,850212
Oil,Midstream,Fuels & storage,850213
Oil,Midstream,Fuels & storage,850220
Oil,Midstream,Fuels & storage,850239
Oil,Midstream,Fuels & storage,850300
Oil,Midstream,Fuels & storage,870520
Oil,Midstream,Fuels & storage,890120
Oil,Midstream,Fuels & storage,890520
Oil,Midstream,Fuels & storage,890590
Oil,Midstream,Fuels & storage,902810
Oil,Midstream,Petroleum Solids,271311
Oil,Midstream,Petroleum Solids,271312
Oil,Midstream,Petroleum Solids,271320
Oil,Midstream,Petroleum Solids,271390
Oil,Midstream,Pipelines,730411
Oil,Midstream,Pipelines,730419
Oil,Midstream,Pipelines,730422
Oil,Midstream,Pipelines,730423
Oil,Midstream,Pipelines,730424
Oil,Midstream,Pipelines,730429
Oil,Midstream,Pipelines,730511
Oil,Midstream,Pipelines,730512
Oil,Midstream,Pipelines,730519
Oil,Midstream,Pipelines,730520
Oil,Midstream,Pipelines,730611
Oil,Midstream,Pipelines,730619
Oil,Midstream,Pipelines,730621
Oil,Midstream,Pipelines,730629
Oil,Midstream,Pumps & compressors,841350
Oil,Midstream,Pumps & compressors,841360
Oil,Midstream,Pumps & compressors,841382
Oil,Midstream,Pumps & compressors,841392
Oil,Midstream,Waste Oils,271091
Oil,Midstream,Waste Oils,271099
Oil,Upstream,Fuels & storage,270900
Oil,Upstream,Fuels & storage,271012
Oil,Upstream,Fuels & storage,271019
Oil,Upstream,Fuels & storage,271091
Oil,Upstream,Fuels & storage,271099
Oil,Upstream,Fuels & storage,271311
Oil,Upstream,Fuels & storage,271312
Oil,Upstream,Fuels & storage,271320
Oil,Upstream,Fuels & storage,271390
Solar,Midstream,Module assembly,854140
Solar,Midstream,Module assembly,854142
Solar,Midstream,Module assembly,854143
Solar,Midstream,Mounting/trackers & BOS,850131
Solar,Midstream,Mounting/trackers & BOS,850132
Solar,Midstream,Mounting/trackers & BOS,850172
Solar,Midstream,Mounting/trackers & BOS,850180
Wind,Midstream,Blades,841290
Wind,Midstream,Nacelle & drivetrain,850164
Wind,Midstream,Nacelle & drivetrain,850231
Wind,Midstream,Nacelle & drivetrain,850300
Wind,Midstream,Towers,730820
